order_id,customer_id,product_id,order_amount,order_date
1001,21,101,1088,2023-07-02
1002,83,105,120,2023-04-23
1003,87,106,402,2023-07-02
1004,75,104,968,2023-05-26
1005,75,102,183,2023-11-15
1006,88,102,1380,2023-04-26
1007,100,103,669,2023-04-23
1008,24,103,1033,2023-09-08
1009,3,105,1285,2023-09-08
1010,22,106,1286,2023-10-30
1011,53,105,1108,2023-11-09
1012,2,101,892,2023-04-28
1013,88,101,891,2023-10-28
1014,30,105,1394,2023-06-10
1015,38,106,591,2023-07-17
1016,2,105,307,2023-09-17
1017,64,106,1183,2023-05-28
1018,60,106,529,2023-08-28
1019,21,107,1084,2023-02-16
1020,33,104,1432,2023-07-17
1021,76,106,619,2023-02-16
1022,58,103,690,2023-03-19
1023,22,106,1150,2023-05-04
1024,89,106,298,2023-03-16
1025,49,106,486,2023-12-25
1026,91,107,448,2023-05-17
1027,59,107,1059,2023-03-31
1028,42,101,792,2023-11-21
1029,92,107,477,2023-03-02
1030,60,103,998,2023-05-18
1031,80,103,1015,2023-02-19
1032,15,107,626,2023-09-16
1033,62,105,1276,2023-04-17
1034,62,104,833,2023-04-23
1035,47,107,305,2023-12-16
1036,62,106,554,2023-09-11
1037,51,102,1396,2023-04-28
1038,55,104,1359,2023-07-17
1039,64,104,620,2023-12-03
1040,3,103,1116,2023-12-31
1041,51,104,1055,2023-02-20
1042,7,107,825,2023-09-02
1043,21,106,1113,2023-02-04
1044,73,106,600,2023-10-29
1045,39,101,216,2023-03-10
1046,18,106,485,2023-12-15
1047,4,106,1467,2023-11-16
1048,89,103,683,2023-02-18
1049,60,106,494,2023-03-15
1050,14,101,1187,2023-07-11
1051,9,102,820,2023-09-18
1052,90,107,171,2023-12-22
1053,53,103,373,2023-03-11
1054,2,102,1443,2023-03-31
1055,84,103,437,2023-09-17
1056,92,105,1489,2023-05-06
1057,60,104,706,2023-08-19
1058,71,105,265,2023-10-22
1059,44,106,110,2023-05-09
1060,8,102,1424,2023-10-07
1061,47,106,828,2023-11-09
1062,35,104,900,2023-04-10
1063,78,103,201,2023-11-22
1064,81,104,878,2023-10-24
1065,36,101,313,2023-07-01
1066,50,104,1211,2023-06-23
1067,4,101,500,2023-11-12
1068,2,104,687,2023-12-30
1069,6,107,988,2023-07-07
1070,54,101,1169,2023-02-26
1071,4,102,691,2023-01-31
1072,54,106,1433,2023-03-25
1073,93,106,1209,2023-06-01
1074,63,105,191,2023-02-05
1075,18,106,772,2023-08-01
1076,90,103,813,2023-12-30
1077,44,107,1035,2023-04-16
1078,34,104,341,2023-12-08
1079,74,105,101,2023-08-08
1080,62,103,324,2023-06-12
1081,100,103,900,2023-08-08
1082,14,101,688,2023-09-27
1083,95,106,215,2023-04-30
1084,48,102,1017,2023-12-02
1085,15,102,1226,2023-07-01
1086,72,105,293,2023-04-16
1087,78,107,1289,2023-08-05
1088,87,102,970,2023-07-24
1089,62,104,189,2023-03-11
1090,40,102,221,2023-02-13
1091,85,105,242,2023-11-25
1092,80,102,1093,2023-10-28
1093,82,104,205,2023-08-16
1094,53,101,986,2023-07-03
1095,24,107,527,2023-04-17
1096,26,105,1428,2023-03-25
1097,89,101,416,2023-12-04
1098,60,101,734,2023-09-07
1099,41,101,108,2023-12-29
1100,29,103,873,2023-01-21
1101,15,107,1196,2023-07-15
1102,45,106,1482,2023-06-27
1103,65,107,322,2023-01-07
1104,89,103,652,2023-03-11
1105,71,106,1493,2023-05-07
1106,9,107,815,2023-06-09
1107,88,101,1387,2023-09-05
1108,1,105,1441,2023-07-22
1109,8,106,1207,2023-05-28
1110,88,104,1441,2023-05-23
1111,63,104,210,2023-07-18
1112,11,102,350,2023-06-03
1113,81,106,482,2023-05-22
1114,8,105,106,2023-11-09
1115,35,103,558,2023-06-14
1116,35,101,1207,2023-11-10
1117,33,102,307,2023-01-21
1118,5,104,999,2023-03-23
1119,41,103,1437,2023-03-10
1120,28,103,121,2023-05-11
1121,7,101,509,2023-03-28
1122,73,106,994,2023-08-06
1123,72,104,614,2023-11-01
1124,12,105,1250,2023-12-11
1125,34,103,908,2023-12-07
1126,33,101,973,2023-06-10
1127,48,105,113,2023-06-27
1128,23,106,1070,2023-04-27
1129,62,104,1077,2023-07-15
1130,88,106,1113,2023-11-23
1131,37,103,1135,2023-03-27
1132,99,105,186,2023-10-16
1133,44,105,1008,2023-03-22
1134,86,105,1424,2023-06-01
1135,91,103,1366,2023-03-02
1136,35,103,221,2023-03-02
1137,65,106,1270,2023-12-20
1138,99,102,849,2023-01-28
1139,47,106,1479,2023-02-12
1140,78,104,784,2023-06-18
1141,3,101,408,2023-03-27
1142,1,105,794,2023-06-26
1143,5,102,387,2023-01-17
1144,90,101,406,2023-04-08
1145,14,102,1013,2023-07-17
1146,27,107,761,2023-04-08
1147,9,106,648,2023-03-06
1148,79,103,1475,2023-11-26
1149,15,105,411,2023-12-07
1150,90,106,972,2023-01-05
1151,42,101,1182,2023-01-02
1152,77,107,1023,2023-01-22
1153,51,107,854,2023-04-22
1154,63,107,134,2023-02-26
1155,96,101,544,2023-03-07
1156,52,101,192,2023-11-26
1157,96,101,1330,2023-04-08
1158,4,101,452,2023-05-24
1159,94,107,1002,2023-05-05
1160,23,107,1455,2023-06-16
1161,15,102,961,2023-03-27
1162,43,106,258,2023-03-17
1163,29,105,1056,2023-12-10
1164,36,103,123,2023-10-21
1165,13,107,503,2023-02-28
1166,32,103,904,2023-05-18
1167,71,106,615,2023-04-09
1168,59,106,831,2023-07-11
1169,86,103,1487,2023-08-31
1170,28,107,631,2023-11-15
1171,66,103,1055,2023-02-18
1172,42,102,251,2023-02-01
1173,45,104,1046,2023-10-04
1174,62,107,707,2023-01-20
1175,57,107,519,2023-06-03
1176,6,105,1373,2023-03-09
1177,28,101,1240,2023-08-02
1178,28,104,965,2023-05-23
1179,44,106,677,2023-08-20
1180,84,107,434,2023-08-01
1181,30,103,1031,2023-03-20
1182,62,104,394,2023-08-02
1183,75,105,854,2023-04-26
1184,92,106,1494,2023-04-02
1185,89,101,285,2023-09-27
1186,62,101,1369,2023-06-17
1187,97,105,736,2023-02-27
1188,1,105,1391,2023-10-11
1189,27,103,1360,2023-01-26
1190,62,107,629,2023-03-07
1191,77,101,120,2023-09-05
1192,3,106,1010,2023-09-11
1193,70,104,966,2023-02-13
1194,72,106,893,2023-04-07
1195,27,102,199,2023-02-11
1196,9,102,851,2023-08-15
1197,62,105,577,2023-09-19
1198,37,103,1421,2023-06-16
1199,97,102,1039,2023-10-06
1200,51,101,625,2023-03-30
1201,44,106,433,2023-06-27
1202,24,106,101,2023-07-16
1203,79,105,474,2023-11-03
1204,59,107,392,2023-09-24
1205,32,107,936,2023-09-25
1206,96,104,1104,2023-03-15
1207,88,105,652,2023-01-08
1208,52,104,417,2023-10-24
1209,62,107,480,2023-06-13
1210,58,105,113,2023-03-26
1211,52,105,603,2023-03-13
1212,12,105,330,2023-02-24
1213,39,107,1207,2023-02-16
1214,2,104,229,2023-08-26
1215,3,104,937,2023-04-14
1216,56,105,1268,2023-07-29
1217,81,102,990,2023-02-11
1218,59,103,127,2023-11-12
1219,2,107,165,2023-09-25
1220,2,103,1286,2023-09-20
1221,92,103,1352,2023-12-02
1222,54,104,360,2023-12-31
1223,87,104,559,2023-09-16
1224,96,102,400,2023-10-10
1225,97,103,1018,2023-04-24
1226,1,103,1426,2023-12-29
1227,19,105,386,2023-02-09
1228,2,104,1133,2023-08-08
1229,53,103,729,2023-05-09
1230,44,106,369,2023-01-08
1231,90,102,691,2023-04-11
1232,32,106,943,2023-06-25
1233,70,106,961,2023-04-17
1234,32,107,1484,2023-04-11
1235,68,107,1380,2023-09-17
1236,55,102,232,2023-09-03
1237,75,106,1399,2023-10-02
1238,56,103,1071,2023-02-01
1239,17,104,612,2023-05-17
1240,38,102,412,2023-01-12
1241,24,105,675,2023-10-29
1242,69,106,985,2023-01-16
1243,98,102,1407,2023-05-09
1244,70,101,1244,2023-03-04
1245,86,101,1230,2023-04-19
1246,11,107,786,2023-01-21
1247,16,104,1327,2023-06-07
1248,97,103,264,2023-09-26
1249,73,104,404,2023-06-11
1250,59,104,255,2023-09-17
1251,70,104,1490,2023-04-12
1252,80,104,719,2023-08-11
1253,93,105,1374,2023-02-28
1254,3,105,1056,2023-09-04
1255,20,107,433,2023-05-08
1256,59,102,1068,2023-10-10
1257,36,101,610,2023-11-21
1258,19,104,1416,2023-01-25
1259,90,107,1143,2023-05-11
1260,67,102,381,2023-12-19
1261,19,101,896,2023-07-15
1262,20,106,1124,2023-10-08
1263,96,103,218,2023-06-03
1264,71,105,1158,2023-05-13
1265,52,106,297,2023-08-15
1266,33,101,584,2023-07-08
1267,40,106,1182,2023-09-22
1268,39,103,936,2023-05-14
1269,82,107,1284,2023-07-30
1270,1,101,1108,2023-03-01
1271,11,106,790,2023-12-30
1272,92,105,1329,2023-12-30
1273,57,105,1135,2023-08-01
1274,89,102,589,2023-08-04
1275,50,106,375,2023-08-14
1276,23,104,792,2023-05-11
1277,31,106,341,2023-03-17
1278,94,107,1339,2023-10-13
1279,42,101,1374,2023-10-04
1280,99,101,225,2023-06-05
1281,7,107,316,2023-09-05
1282,16,106,1429,2023-08-06
1283,90,107,1308,2023-07-09
1284,60,103,1162,2023-06-12
1285,2,107,1346,2023-06-29
1286,1,105,1307,2023-02-03
1287,48,107,594,2023-02-10
1288,12,101,526,2023-11-03
1289,69,105,1301,2023-12-04
1290,37,101,1018,2023-11-10
1291,32,102,1417,2023-03-16
1292,9,104,250,2023-10-06
1293,99,101,483,2023-06-25
1294,19,105,407,2023-05-30
1295,48,102,1459,2023-09-30
1296,80,101,845,2023-11-21
1297,3,103,991,2023-04-18
1298,20,107,474,2023-05-19
1299,24,104,1131,2023-12-16
1300,54,101,1464,2023-09-28
1301,33,102,228,2023-12-13
1302,24,103,1114,2023-10-16
1303,75,106,768,2023-07-31
1304,72,102,1475,2023-09-29
1305,36,107,1481,2023-03-07
1306,38,102,616,2023-09-05
1307,84,103,185,2023-06-05
1308,99,102,1298,2023-02-16
1309,89,103,1316,2023-07-20
1310,99,101,410,2023-05-28
1311,25,103,1242,2023-05-04
1312,93,103,1341,2023-01-01
1313,18,104,526,2023-09-04
1314,82,103,213,2023-12-09
1315,66,103,1268,2023-05-08
1316,54,106,402,2023-07-10
1317,35,101,843,2023-03-08
1318,80,107,687,2023-01-04
1319,61,104,1086,2023-10-30
1320,41,106,444,2023-10-21
1321,100,105,913,2023-05-23
1322,33,101,900,2023-07-10
1323,68,101,1124,2023-01-21
1324,33,105,1270,2023-08-15
1325,14,107,1410,2023-11-09
1326,21,103,1176,2023-04-27
1327,48,106,1427,2023-10-29
1328,20,102,1192,2023-05-22
1329,8,104,460,2023-02-08
1330,7,102,1343,2023-12-21
1331,67,105,1109,2023-09-09
1332,17,101,803,2023-11-29
1333,33,107,674,2023-07-26
1334,48,101,1284,2023-07-29
1335,76,104,1212,2023-04-25
1336,59,101,787,2023-08-13
1337,86,101,880,2023-05-14
1338,22,104,684,2023-09-08
1339,30,106,688,2023-08-07
1340,38,106,1282,2023-04-01
1341,51,104,588,2023-12-20
1342,54,107,1070,2023-02-15
1343,8,105,1447,2023-02-07
1344,27,101,1225,2023-05-22
1345,27,107,593,2023-04-10
1346,98,101,118,2023-11-24
1347,21,105,496,2023-07-09
1348,30,106,1100,2023-02-04
1349,97,107,1402,2023-05-27
1350,28,103,950,2023-01-30
1351,64,103,1488,2023-11-30
1352,97,103,1454,2023-03-25
1353,69,106,1467,2023-10-08
1354,61,106,921,2023-12-10
1355,48,105,554,2023-09-27
1356,19,101,824,2023-06-03
1357,4,105,1188,2023-04-12
1358,35,105,1199,2023-08-03
1359,64,106,810,2023-05-30
1360,49,103,242,2023-03-24
1361,17,102,1016,2023-04-20
1362,44,101,927,2023-10-02
1363,92,106,704,2023-07-20
1364,30,103,404,2023-10-11
1365,93,107,835,2023-06-22
1366,46,102,390,2023-11-23
1367,6,102,201,2023-07-25
1368,99,106,1390,2023-03-04
1369,37,104,966,2023-03-14
1370,24,101,1067,2023-09-08
1371,93,102,1073,2023-05-04
1372,46,106,941,2023-05-01
1373,53,106,1061,2023-10-02
1374,95,103,1041,2023-04-30
1375,99,107,1126,2023-11-13
1376,60,104,184,2023-06-13
1377,97,101,427,2023-10-13
1378,63,105,915,2023-09-22
1379,85,107,553,2023-11-16
1380,32,107,728,2023-06-10
1381,87,103,1344,2023-11-04
1382,33,102,1277,2023-03-30
1383,67,102,764,2023-05-22
1384,18,103,111,2023-07-22
1385,25,106,1256,2023-11-05
1386,95,102,403,2023-08-15
1387,54,104,1416,2023-11-30
1388,58,101,1074,2023-08-10
1389,67,107,1423,2023-02-10
1390,46,107,882,2023-07-15
1391,24,104,142,2023-03-09
1392,32,102,1043,2023-09-21
1393,47,107,442,2023-01-02
1394,86,105,1449,2023-12-27
1395,23,101,597,2023-05-05
1396,66,101,463,2023-04-20
1397,27,107,990,2023-03-27
1398,2,103,526,2023-04-30
1399,90,107,1104,2023-05-07
1400,17,103,120,2023-09-12
1401,33,107,506,2023-07-02
1402,9,105,718,2023-01-16
1403,43,106,1114,2023-03-03
1404,48,101,435,2023-06-07
1405,39,107,1240,2023-09-25
1406,93,105,1247,2023-02-04
1407,42,103,498,2023-09-24
1408,26,103,892,2023-03-05
1409,99,101,814,2023-02-19
1410,50,104,150,2023-09-12
1411,25,107,423,2023-05-29
1412,24,102,888,2023-11-21
1413,13,103,240,2023-10-31
1414,60,106,569,2023-10-03
1415,7,106,886,2023-12-23
1416,57,103,1457,2023-06-21
1417,36,104,1063,2023-07-20
1418,45,104,1107,2023-11-20
1419,20,105,472,2023-02-04
1420,65,106,593,2023-08-04
1421,8,105,850,2023-03-06
1422,16,106,1279,2023-01-08
1423,14,107,390,2023-10-28
1424,76,107,1267,2023-12-09
1425,87,102,205,2023-11-28
1426,15,107,769,2023-03-17
1427,92,102,101,2023-06-23
1428,98,107,688,2023-02-16
1429,66,101,743,2023-01-15
1430,32,107,189,2023-12-27
1431,87,105,1468,2023-05-27
1432,63,103,449,2023-01-26
1433,86,105,1386,2023-11-04
1434,51,103,1474,2023-04-03
1435,25,104,1231,2023-08-20
1436,58,105,1162,2023-01-21
1437,63,104,1008,2023-11-03
1438,62,102,258,2023-02-07
1439,22,102,1058,2023-10-03
1440,58,101,411,2023-06-06
1441,58,107,1364,2023-06-28
1442,86,105,544,2023-05-12
1443,49,104,397,2023-11-07
1444,52,103,1051,2023-12-14
1445,42,102,135,2023-01-28
1446,70,107,1207,2023-09-17
1447,15,102,1295,2023-03-17
1448,54,103,1499,2023-03-08
1449,60,107,1485,2023-12-08
1450,97,107,658,2023-07-13
1451,8,104,990,2023-06-11
1452,53,104,240,2023-12-13
1453,60,105,986,2023-12-27
1454,5,105,1241,2023-09-14
1455,68,106,1400,2023-03-13
1456,6,106,825,2023-03-28
1457,96,101,1343,2023-09-19
1458,94,102,1149,2023-08-02
1459,47,105,620,2023-06-02
1460,99,104,109,2023-07-29
1461,55,103,1083,2023-03-02
1462,40,104,477,2023-09-25
1463,52,102,781,2023-09-19
1464,16,106,683,2023-08-06
1465,13,104,251,2023-10-10
1466,30,101,819,2023-05-16
1467,19,102,1172,2023-12-28
1468,17,106,1277,2023-04-03
1469,63,103,958,2023-04-19
1470,19,106,1416,2023-08-29
1471,92,107,149,2023-12-21
1472,58,101,763,2023-05-22
1473,55,102,630,2023-10-18
1474,90,103,1183,2023-08-25
1475,90,101,1290,2023-12-06
1476,62,106,1325,2023-11-08
1477,23,101,956,2023-06-26
1478,9,102,245,2023-05-21
1479,12,105,1014,2023-07-08
1480,1,101,1092,2023-02-18
1481,58,107,341,2023-10-29
1482,1,101,680,2023-07-09
1483,34,106,786,2023-05-16
1484,96,106,582,2023-02-12
1485,48,103,1231,2023-12-19
1486,89,106,1349,2023-03-31
1487,1,104,772,2023-10-22
1488,16,102,730,2023-12-07
1489,61,102,760,2023-09-02
1490,64,105,761,2023-07-11
1491,63,105,904,2023-11-14
1492,69,102,518,2023-04-16
1493,22,107,1087,2023-12-29
1494,93,105,1283,2023-11-06
1495,67,103,749,2023-08-21
1496,76,106,1068,2023-09-22
1497,26,102,689,2023-12-10
1498,16,105,1200,2023-02-06
1499,51,102,608,2023-11-01
1500,86,104,540,2023-02-10
1501,57,101,1377,2023-01-17
1502,29,106,1020,2023-12-10
1503,78,102,869,2023-10-04
1504,92,101,1443,2023-11-03
1505,69,105,362,2023-02-28
1506,47,101,1497,2023-07-02
1507,94,106,736,2023-02-10
1508,62,102,1290,2023-02-08
1509,69,104,558,2023-07-11
1510,76,107,1098,2023-09-24
1511,16,105,1403,2023-05-27
1512,90,102,799,2023-11-29
1513,90,106,401,2023-05-07
1514,48,105,1341,2023-02-15
1515,85,103,1225,2023-02-14
1516,39,101,653,2023-01-01
1517,100,107,387,2023-06-17
1518,33,106,1290,2023-04-18
1519,94,103,720,2023-01-19
1520,23,102,1105,2023-11-28
1521,10,104,135,2023-03-13
1522,69,105,843,2023-04-19
1523,100,101,452,2023-09-25
1524,34,105,172,2023-08-28
1525,52,107,747,2023-10-28
1526,95,102,1476,2023-03-31
1527,10,105,1193,2023-04-13
1528,19,101,524,2023-09-07
1529,58,102,1098,2023-01-08
1530,96,105,807,2023-06-02
1531,1,104,660,2023-12-13
1532,69,106,927,2023-06-23
1533,4,102,1055,2023-12-09
1534,16,106,616,2023-06-07
1535,24,102,527,2023-08-03
1536,80,104,259,2023-06-26
1537,2,106,248,2023-06-24
1538,92,103,875,2023-12-06
1539,32,101,1353,2023-12-04
1540,91,103,166,2023-05-26
1541,84,105,1113,2023-11-20
1542,24,104,480,2023-06-10
1543,12,103,157,2023-05-07
1544,50,102,1382,2023-03-23
1545,35,105,441,2023-05-27
1546,33,105,1253,2023-08-27
1547,33,103,826,2023-03-25
1548,61,103,1295,2023-04-23
1549,51,104,869,2023-08-13
1550,43,101,713,2023-11-28
1551,12,103,1332,2023-08-31
1552,67,107,453,2023-05-23
1553,65,103,215,2023-02-10
1554,33,106,1387,2023-09-15
1555,40,102,761,2023-10-12
1556,74,107,552,2023-04-15
1557,43,107,386,2023-07-21
1558,44,106,1426,2023-11-03
1559,29,106,1116,2023-11-27
1560,13,105,410,2023-09-23
1561,12,101,307,2023-07-29
1562,95,102,717,2023-02-20
1563,46,104,545,2023-04-28
1564,2,107,769,2023-07-20
1565,35,104,732,2023-02-08
1566,87,103,154,2023-01-28
1567,81,103,1011,2023-09-16
1568,90,104,1135,2023-03-25
1569,8,103,756,2023-06-04
1570,93,101,1079,2023-04-27
1571,26,106,614,2023-01-02
1572,74,103,336,2023-04-03
1573,90,105,1402,2023-06-15
1574,34,103,447,2023-12-16
1575,7,102,726,2023-10-23
1576,68,101,1227,2023-09-15
1577,58,102,729,2023-03-22
1578,75,102,1371,2023-09-25
1579,29,105,463,2023-08-23
1580,36,101,420,2023-11-17
1581,89,101,385,2023-11-07
1582,21,101,248,2023-10-28
1583,36,101,1207,2023-12-23
1584,10,101,505,2023-08-01
1585,73,105,1077,2023-03-03
1586,24,103,555,2023-02-18
1587,64,102,899,2023-05-07
1588,99,101,1284,2023-08-11
1589,49,107,1112,2023-10-06
1590,99,103,883,2023-10-21
1591,36,103,559,2023-10-11
1592,82,102,837,2023-10-04
1593,96,105,608,2023-04-17
1594,24,104,580,2023-05-26
1595,23,104,213,2023-04-09
1596,62,103,848,2023-03-14
1597,96,106,460,2023-05-02
1598,37,106,440,2023-01-30
1599,12,102,869,2023-07-07
1600,55,104,860,2023-12-30
1601,13,103,1068,2023-12-20
1602,23,105,548,2023-10-15
1603,89,104,934,2023-07-14
1604,99,103,1303,2023-06-05
1605,30,103,1319,2023-06-21
1606,17,101,410,2023-12-01
1607,62,105,361,2023-02-10
1608,84,101,505,2023-03-04
1609,89,102,242,2023-01-23
1610,86,101,441,2023-12-26
1611,13,107,1439,2023-03-16
1612,59,101,1224,2023-02-17
1613,19,107,343,2023-06-09
1614,49,104,589,2023-11-09
1615,100,106,111,2023-04-28
1616,12,103,1362,2023-04-10
1617,61,107,660,2023-06-16
1618,19,105,141,2023-10-17
1619,76,101,777,2023-06-05
1620,9,107,693,2023-01-07
1621,71,105,1281,2023-07-15
1622,28,106,1339,2023-02-25
1623,78,106,233,2023-11-17
1624,95,101,1190,2023-07-12
1625,52,102,1130,2023-02-16
1626,83,101,1047,2023-05-28
1627,16,104,172,2023-10-02
1628,69,107,498,2023-06-06
1629,99,103,677,2023-07-21
1630,12,102,958,2023-05-06
1631,25,101,229,2023-11-01
1632,52,105,1030,2023-10-21
1633,85,102,1329,2023-03-05
1634,100,107,365,2023-11-21
1635,53,102,892,2023-06-25
1636,23,107,352,2023-04-26
1637,16,101,921,2023-07-23
1638,57,107,1412,2023-11-17
1639,39,102,263,2023-01-31
1640,53,105,194,2023-04-23
1641,42,106,932,2023-12-31
1642,58,102,1233,2023-11-21
1643,39,107,435,2023-12-10
1644,14,106,921,2023-03-08
1645,95,107,337,2023-03-16
1646,5,105,480,2023-02-14
1647,35,107,998,2023-09-17
1648,87,101,582,2023-06-03
1649,93,103,1001,2023-06-04
1650,75,102,1148,2023-12-29
1651,18,103,1240,2023-08-22
1652,76,107,581,2023-02-20
1653,9,105,1016,2023-11-02
1654,74,102,1093,2023-09-19
1655,58,107,1063,2023-11-11
1656,17,106,636,2023-05-05
1657,7,104,1202,2023-09-02
1658,46,107,1296,2023-01-30
1659,13,103,1135,2023-05-02
1660,40,102,227,2023-05-05
1661,42,103,191,2023-02-06
1662,9,102,642,2023-06-19
1663,50,107,945,2023-05-04
1664,27,101,1088,2023-12-23
1665,66,106,546,2023-02-04
1666,5,107,489,2023-03-28
1667,29,103,771,2023-05-14
1668,37,104,142,2023-07-15
1669,38,104,353,2023-10-01
1670,83,105,1253,2023-07-20
1671,8,102,1183,2023-10-12
1672,65,103,762,2023-03-18
1673,86,105,566,2023-02-28
1674,17,103,386,2023-05-06
1675,71,102,1110,2023-04-19
1676,89,107,877,2023-08-12
1677,45,107,444,2023-10-05
1678,4,104,741,2023-03-09
1679,36,107,481,2023-03-10
1680,70,107,789,2023-06-14
1681,31,101,1376,2023-11-01
1682,19,104,1179,2023-06-11
1683,61,105,556,2023-12-31
1684,54,106,1082,2023-12-08
1685,39,101,182,2023-11-05
1686,91,105,1222,2023-12-09
1687,74,102,248,2023-02-11
1688,90,101,1452,2023-12-20
1689,19,105,1279,2023-04-19
1690,39,102,289,2023-02-20
1691,67,104,982,2023-09-07
1692,45,106,362,2023-12-07
1693,13,102,1203,2023-01-21
1694,92,107,499,2023-10-27
1695,58,103,863,2023-05-19
1696,20,102,708,2023-12-25
1697,92,102,1383,2023-11-20
1698,72,106,884,2023-04-02
1699,61,103,200,2023-10-07
1700,39,107,1482,2023-05-05
1701,1,105,919,2023-04-21
1702,3,105,1344,2023-12-20
1703,77,102,919,2023-05-19
1704,92,103,519,2023-09-30
1705,62,103,223,2023-04-09
1706,63,107,521,2023-09-09
1707,25,106,1354,2023-12-04
1708,56,104,1186,2023-04-14
1709,33,105,867,2023-08-02
1710,38,106,582,2023-09-06
1711,6,101,618,2023-06-01
1712,58,105,254,2023-09-07
1713,44,106,191,2023-10-02
1714,45,105,1081,2023-06-14
1715,32,104,554,2023-12-07
1716,45,101,697,2023-01-08
1717,61,104,609,2023-10-11
1718,47,107,1306,2023-01-05
1719,21,101,485,2023-05-25
1720,80,102,504,2023-04-11
1721,85,106,345,2023-06-13
1722,75,101,841,2023-05-27
1723,36,107,760,2023-03-05
1724,99,107,749,2023-04-01
1725,19,104,1000,2023-04-27
1726,20,105,164,2023-12-20
1727,57,101,1136,2023-09-24
1728,18,106,312,2023-11-06
1729,47,101,341,2023-06-22
1730,49,103,592,2023-02-16
1731,14,105,1336,2023-05-20
1732,15,106,437,2023-09-03
1733,31,106,272,2023-05-29
1734,1,102,771,2023-09-03
1735,54,104,263,2023-01-05
1736,3,102,564,2023-07-03
1737,16,106,1094,2023-01-20
1738,87,105,596,2023-02-15
1739,57,101,799,2023-01-12
1740,75,101,494,2023-03-11
1741,12,105,802,2023-01-17
1742,74,106,407,2023-05-27
1743,96,107,282,2023-06-03
1744,16,101,728,2023-10-31
1745,72,107,609,2023-04-18
1746,76,101,645,2023-08-24
1747,24,101,723,2023-11-04
1748,28,104,693,2023-12-18
1749,8,104,843,2023-03-11
1750,92,103,1350,2023-07-02
1751,36,102,653,2023-09-07
1752,90,105,120,2023-08-16
1753,8,105,653,2023-04-12
1754,58,105,496,2023-03-16
1755,60,103,724,2023-08-04
1756,50,104,204,2023-07-22
1757,28,106,291,2023-07-11
1758,92,107,116,2023-09-06
1759,41,107,1243,2023-08-30
1760,100,106,492,2023-06-28
1761,64,103,524,2023-08-07
1762,27,106,228,2023-03-23
1763,63,105,1253,2023-04-02
1764,17,102,671,2023-06-24
1765,73,101,128,2023-08-27
1766,33,107,1220,2023-09-17
1767,84,104,1133,2023-12-31
1768,77,104,341,2023-06-12
1769,92,103,331,2023-02-17
1770,29,104,888,2023-11-25
1771,13,105,1407,2023-11-24
1772,46,107,814,2023-04-26
1773,35,106,858,2023-12-03
1774,6,105,901,2023-12-03
1775,82,103,875,2023-08-13
1776,69,105,825,2023-12-18
1777,47,106,299,2023-11-24
1778,25,102,1044,2023-05-27
1779,66,103,178,2023-03-04
1780,10,102,1055,2023-10-21
1781,56,101,955,2023-11-19
1782,30,102,1296,2023-11-21
1783,5,101,566,2023-01-13
1784,33,101,680,2023-07-08
1785,65,102,1039,2023-10-14
1786,18,103,548,2023-07-27
1787,96,106,186,2023-04-24
1788,49,105,200,2023-01-22
1789,11,105,1131,2023-12-15
1790,85,106,944,2023-08-02
1791,26,107,1323,2023-06-20
1792,63,107,186,2023-11-19
1793,89,101,142,2023-02-23
1794,86,101,507,2023-10-25
1795,59,103,763,2023-11-16
1796,27,104,1140,2023-05-06
1797,49,102,247,2023-10-04
1798,77,101,376,2023-07-23
1799,33,105,331,2023-07-13
1800,98,103,465,2023-06-18
1801,99,102,1351,2023-06-01
1802,1,103,535,2023-02-04
1803,21,102,498,2023-07-03
1804,55,102,1334,2023-10-13
1805,6,106,598,2023-02-26
1806,92,101,639,2023-08-10
1807,81,103,662,2023-10-30
1808,69,103,541,2023-06-12
1809,95,106,1384,2023-01-19
1810,5,105,872,2023-09-21
1811,3,105,449,2023-10-09
1812,53,107,1475,2023-04-23
1813,23,101,619,2023-11-23
1814,53,101,1443,2023-01-30
1815,37,104,237,2023-05-15
1816,74,106,1091,2023-03-08
1817,74,105,467,2023-03-06
1818,83,102,1343,2023-10-19
1819,17,103,1460,2023-01-25
1820,85,101,1346,2023-02-06
1821,78,103,459,2023-01-01
1822,73,103,1020,2023-02-06
1823,1,104,428,2023-05-21
1824,51,105,1061,2023-08-20
1825,45,101,562,2023-05-16
1826,77,103,1045,2023-07-07
1827,4,101,1062,2023-05-08
1828,62,102,935,2023-07-20
1829,65,104,268,2023-05-07
1830,32,102,316,2023-09-14
1831,34,101,477,2023-06-13
1832,92,107,218,2023-02-04
1833,95,101,289,2023-07-13
1834,72,105,866,2023-07-10
1835,39,103,469,2023-04-14
1836,26,103,248,2023-01-23
1837,34,102,751,2023-09-22
1838,54,104,869,2023-10-17
1839,3,107,473,2023-09-17
1840,50,106,880,2023-12-24
1841,12,103,259,2023-03-16
1842,65,105,450,2023-12-21
1843,54,102,1411,2023-03-13
1844,5,102,1411,2023-09-16
1845,94,106,991,2023-07-07
1846,94,105,1349,2023-06-22
1847,57,104,622,2023-10-17
1848,17,105,621,2023-02-14
1849,47,104,882,2023-03-02
1850,23,105,372,2023-03-24
1851,79,105,1035,2023-05-03
1852,85,101,282,2023-12-24
1853,14,102,587,2023-01-16
1854,66,105,945,2023-03-07
1855,75,106,223,2023-05-25
1856,51,105,1084,2023-06-11
1857,38,103,889,2023-08-22
1858,64,102,513,2023-05-24
1859,98,103,1295,2023-12-24
1860,38,102,1411,2023-07-07
1861,50,103,785,2023-11-18
1862,98,105,212,2023-01-13
1863,82,105,987,2023-07-03
1864,30,101,221,2023-04-21
1865,79,106,1345,2023-10-17
1866,91,103,138,2023-10-22
1867,51,104,596,2023-08-03
1868,63,101,879,2023-04-30
1869,98,103,1356,2023-02-24
1870,52,103,1042,2023-01-27
1871,38,101,248,2023-04-28
1872,97,105,1121,2023-08-09
1873,88,103,760,2023-08-19
1874,79,105,401,2023-02-22
1875,30,101,1483,2023-10-22
1876,51,105,337,2023-11-17
1877,81,102,746,2023-08-21
1878,5,104,762,2023-06-07
1879,29,107,335,2023-09-26
1880,4,103,302,2023-01-21
1881,10,106,355,2023-02-22
1882,56,104,697,2023-10-02
1883,17,107,761,2023-11-09
1884,74,105,334,2023-10-08
1885,17,103,1468,2023-08-02
1886,84,105,633,2023-01-31
1887,88,102,959,2023-12-03
1888,69,101,869,2023-07-02
1889,34,103,640,2023-01-23
1890,6,107,312,2023-02-01
1891,53,107,562,2023-03-15
1892,66,102,535,2023-01-10
1893,77,102,382,2023-02-23
1894,43,103,187,2023-02-21
1895,75,105,1167,2023-05-28
1896,23,106,560,2023-06-09
1897,55,107,377,2023-01-14
1898,80,107,520,2023-06-27
1899,95,102,1476,2023-02-22
1900,75,104,795,2023-12-01
1901,16,102,614,2023-01-22
1902,8,106,802,2023-01-30
1903,4,105,118,2023-07-10
1904,4,105,122,2023-09-17
1905,56,104,512,2023-07-24
1906,25,107,1153,2023-02-28
1907,67,102,207,2023-09-21
1908,96,105,1490,2023-01-12
1909,67,106,1404,2023-04-29
1910,27,103,1251,2023-10-17
1911,93,101,1352,2023-12-04
1912,32,101,1234,2023-09-05
1913,50,101,235,2023-12-20
1914,61,107,461,2023-05-07
1915,51,102,1309,2023-03-16
1916,19,104,228,2023-12-27
1917,21,105,1384,2023-07-23
1918,5,103,614,2023-02-18
1919,82,106,548,2023-03-20
1920,92,103,1227,2023-08-29
1921,42,106,1347,2023-12-15
1922,61,107,973,2023-06-03
1923,22,102,572,2023-10-01
1924,21,101,1133,2023-04-06
1925,70,102,401,2023-08-02
1926,1,107,330,2023-10-21
1927,5,104,1022,2023-07-28
1928,12,104,1189,2023-12-09
1929,90,107,1036,2023-03-29
1930,46,106,211,2023-11-02
1931,34,105,1136,2023-09-21
1932,49,105,599,2023-11-21
1933,78,106,1031,2023-11-16
1934,90,104,697,2023-06-06
1935,45,104,333,2023-06-05
1936,27,104,701,2023-05-19
1937,73,102,413,2023-05-01
1938,26,104,665,2023-03-06
1939,47,103,1135,2023-04-17
1940,86,101,308,2023-05-27
1941,56,104,1137,2023-05-17
1942,94,106,1143,2023-06-11
1943,63,101,686,2023-04-10
1944,48,102,1114,2023-12-04
1945,61,106,1193,2023-11-03
1946,81,101,1334,2023-05-21
1947,26,106,1224,2023-03-24
1948,36,102,797,2023-06-26
1949,1,103,231,2023-07-17
1950,8,102,1255,2023-04-22
1951,99,102,1143,2023-02-25
1952,52,106,635,2023-06-28
1953,79,107,1113,2023-07-05
1954,47,105,326,2023-08-06
1955,56,104,1277,2023-11-12
1956,86,104,921,2023-08-05
1957,14,103,970,2023-04-30
1958,90,103,504,2023-06-24
1959,28,104,301,2023-01-23
1960,87,105,137,2023-08-01
1961,78,104,1041,2023-08-23
1962,88,107,287,2023-01-13
1963,2,105,1180,2023-04-11
1964,26,103,1040,2023-01-24
1965,14,101,1143,2023-12-30
1966,59,106,372,2023-01-11
1967,56,107,1242,2023-09-30
1968,7,107,682,2023-10-08
1969,3,103,615,2023-04-04
1970,23,103,1344,2023-07-20
1971,18,102,625,2023-01-21
1972,38,107,435,2023-12-06
1973,99,102,797,2023-07-30
1974,15,102,1178,2023-05-20
1975,64,106,599,2023-10-20
1976,89,102,999,2023-10-25
1977,28,105,865,2023-04-11
1978,74,104,635,2023-10-31
1979,39,101,261,2023-12-25
1980,57,103,693,2023-01-28
1981,17,105,258,2023-02-10
1982,86,101,1311,2023-12-21
1983,90,107,159,2023-10-30
1984,44,107,1014,2023-05-26
1985,25,107,1442,2023-09-13
1986,17,105,310,2023-08-15
1987,13,105,505,2023-08-24
1988,84,103,763,2023-12-27
1989,25,104,1232,2023-01-13
1990,68,102,1199,2023-07-29
1991,10,107,641,2023-08-17
1992,67,106,1437,2023-04-10
1993,18,104,1097,2023-01-31
1994,100,106,1240,2023-01-16
1995,86,103,1026,2023-05-17
1996,34,103,967,2023-11-25
1997,8,103,118,2023-06-15
1998,40,101,531,2023-11-06
1999,83,106,839,2023-04-10
2000,42,104,1473,2023-04-19
